"LOCATION","INDICATOR","SUBJECT","MEASURE","FREQUENCY","TIME","Value","Flag Codes"
"AUS","GDPHRWKD","TOT","IDX2010","A","2001",90.906763,
"AUS","GDPHRWKD","TOT","IDX2010","A","2002",92.171938,
"AUS","GDPHRWKD","TOT","IDX2010","A","2003",94.156918,
"AUS","GDPHRWKD","TOT","IDX2010","A","2004",93.886964,
"AUS","GDPHRWKD","TOT","IDX2010","A","2005",94.272838,
"AUS","GDPHRWKD","TOT","IDX2010","A","2006",94.818606,
"AUS","GDPHRWKD","TOT","IDX2010","A","2007",95.965075,
"AUS","GDPHRWKD","TOT","IDX2010","A","2008",99.338633,
"AUS","GDPHRWKD","TOT","IDX2010","A","2009",98.378273,
"AUS","GDPHRWKD","TOT","IDX2010","A","2010",100,
"AUS","GDPHRWKD","TOT","IDX2010","A","2011",101.159838,
"AUS","GDPHRWKD","TOT","IDX2010","A","2012",103.613731,
"AUS","GDPHRWKD","TOT","IDX2010","A","2013",105.382819,
"AUS","GDPHRWKD","TOT","IDX2010","A","2014",106.01822,
"AUS","GDPHRWKD","TOT","IDX2010","A","2015",108.78999,
"AUS","GDPHRWKD","TOT","IDX2010","A","2016",108.5439,
"AUS","GDPHRWKD","TOT","IDX2010","A","2017",109.731266,
"AUS","GDPHRWKD","TOT","IDX2010","A","2018",109.637168,"E"
"AUT","GDPHRWKD","TOT","IDX2010","A","2001",87.899575,
"AUT","GDPHRWKD","TOT","IDX2010","A","2002",89.597703,
"AUT","GDPHRWKD","TOT","IDX2010","A","2003",90.288588,
"AUT","GDPHRWKD","TOT","IDX2010","A","2004",92.070383,
"AUT","GDPHRWKD","TOT","IDX2010","A","2005",94.265766,
"AUT","GDPHRWKD","TOT","IDX2010","A","2006",96.788579,
"AUT","GDPHRWKD","TOT","IDX2010","A","2007",99.206522,
"AUT","GDPHRWKD","TOT","IDX2010","A","2008",99.205538,
"AUT","GDPHRWKD","TOT","IDX2010","A","2009",98.494621,
"AUT","GDPHRWKD","TOT","IDX2010","A","2010",100,
"AUT","GDPHRWKD","TOT","IDX2010","A","2011",101.022128,
"AUT","GDPHRWKD","TOT","IDX2010","A","2012",102.102479,
"AUT","GDPHRWKD","TOT","IDX2010","A","2013",102.775988,
"AUT","GDPHRWKD","TOT","IDX2010","A","2014",103.08942,
"AUT","GDPHRWKD","TOT","IDX2010","A","2015",104.616362,
"AUT","GDPHRWKD","TOT","IDX2010","A","2016",104.58601,
"AUT","GDPHRWKD","TOT","IDX2010","A","2017",105.50113,
"AUT","GDPHRWKD","TOT","IDX2010","A","2018",106.228242,
"BEL","GDPHRWKD","TOT","IDX2010","A","2001",89.180306,
"BEL","GDPHRWKD","TOT","IDX2010","A","2002",91.199821,
"BEL","GDPHRWKD","TOT","IDX2010","A","2003",92.509648,
"BEL","GDPHRWKD","TOT","IDX2010","A","2004",95.17278,
"BEL","GDPHRWKD","TOT","IDX2010","A","2005",96.4597,
"BEL","GDPHRWKD","TOT","IDX2010","A","2006",97.401038,
"BEL","GDPHRWKD","TOT","IDX2010","A","2007",99.065275,
"BEL","GDPHRWKD","TOT","IDX2010","A","2008",98.158279,
"BEL","GDPHRWKD","TOT","IDX2010","A","2009",97.695379,
"BEL","GDPHRWKD","TOT","IDX2010","A","2010",100,
"BEL","GDPHRWKD","TOT","IDX2010","A","2011",99.43387,
"BEL","GDPHRWKD","TOT","IDX2010","A","2012",99.717705,
"BEL","GDPHRWKD","TOT","IDX2010","A","2013",100.626784,
"BEL","GDPHRWKD","TOT","IDX2010","A","2014",101.954863,
"BEL","GDPHRWKD","TOT","IDX2010","A","2015",103.64989,
"BEL","GDPHRWKD","TOT","IDX2010","A","2016",103.905614,
"BEL","GDPHRWKD","TOT","IDX2010","A","2017",104.35484,
"BEL","GDPHRWKD","TOT","IDX2010","A","2018",101.578224,
"CAN","GDPHRWKD","TOT","IDX2010","A","2001",93.09373,
"CAN","GDPHRWKD","TOT","IDX2010","A","2002",94.60312,
"CAN","GDPHRWKD","TOT","IDX2010","A","2003",94.838443,
"CAN","GDPHRWKD","TOT","IDX2010","A","2004",95.641145,
"CAN","GDPHRWKD","TOT","IDX2010","A","2005",97.760084,
"CAN","GDPHRWKD","TOT","IDX2010","A","2006",98.801187,
"CAN","GDPHRWKD","TOT","IDX2010","A","2007",98.790884,
"CAN","GDPHRWKD","TOT","IDX2010","A","2008",98.513323,
"CAN","GDPHRWKD","TOT","IDX2010","A","2009",98.986012,
"CAN","GDPHRWKD","TOT","IDX2010","A","2010",100,
"CAN","GDPHRWKD","TOT","IDX2010","A","2011",101.636524,
"CAN","GDPHRWKD","TOT","IDX2010","A","2012",101.864733,
"CAN","GDPHRWKD","TOT","IDX2010","A","2013",103.217439,
"CAN","GDPHRWKD","TOT","IDX2010","A","2014",105.940118,
"CAN","GDPHRWKD","TOT","IDX2010","A","2015",105.643173,
"CAN","GDPHRWKD","TOT","IDX2010","A","2016",105.975508,
"CAN","GDPHRWKD","TOT","IDX2010","A","2017",107.996904,
"CAN","GDPHRWKD","TOT","IDX2010","A","2018",107.912688,
"CZE","GDPHRWKD","TOT","IDX2010","A","2001",77.777091,
"CZE","GDPHRWKD","TOT","IDX2010","A","2002",78.645327,
"CZE","GDPHRWKD","TOT","IDX2010","A","2003",82.601287,
"CZE","GDPHRWKD","TOT","IDX2010","A","2004",86.300934,
"CZE","GDPHRWKD","TOT","IDX2010","A","2005",90.192039,
"CZE","GDPHRWKD","TOT","IDX2010","A","2006",96.033788,
"CZE","GDPHRWKD","TOT","IDX2010","A","2007",100.164275,
"CZE","GDPHRWKD","TOT","IDX2010","A","2008",100.367255,
"CZE","GDPHRWKD","TOT","IDX2010","A","2009",97.893602,
"CZE","GDPHRWKD","TOT","IDX2010","A","2010",100,
"CZE","GDPHRWKD","TOT","IDX2010","A","2011",101.71025,
"CZE","GDPHRWKD","TOT","IDX2010","A","2012",102.143529,
"CZE","GDPHRWKD","TOT","IDX2010","A","2013",102.077197,
"CZE","GDPHRWKD","TOT","IDX2010","A","2014",103.467311,
"CZE","GDPHRWKD","TOT","IDX2010","A","2015",108.685622,
"CZE","GDPHRWKD","TOT","IDX2010","A","2016",108.228042,
"CZE","GDPHRWKD","TOT","IDX2010","A","2017",110.846595,
"CZE","GDPHRWKD","TOT","IDX2010","A","2018",112.461583,
"DNK","GDPHRWKD","TOT","IDX2010","A","2001",90.605836,
"DNK","GDPHRWKD","TOT","IDX2010","A","2002",91.350773,
"DNK","GDPHRWKD","TOT","IDX2010","A","2003",92.858391,
"DNK","GDPHRWKD","TOT","IDX2010","A","2004",95.82359,
"DNK","GDPHRWKD","TOT","IDX2010","A","2005",97.135285,
"DNK","GDPHRWKD","TOT","IDX2010","A","2006",98.415447,
"DNK","GDPHRWKD","TOT","IDX2010","A","2007",98.596942,
"DNK","GDPHRWKD","TOT","IDX2010","A","2008",97.129108,
"DNK","GDPHRWKD","TOT","IDX2010","A","2009",96.233835,
"DNK","GDPHRWKD","TOT","IDX2010","A","2010",100,
"DNK","GDPHRWKD","TOT","IDX2010","A","2011",100.346257,
"DNK","GDPHRWKD","TOT","IDX2010","A","2012",102.264152,
"DNK","GDPHRWKD","TOT","IDX2010","A","2013",103.068291,
"DNK","GDPHRWKD","TOT","IDX2010","A","2014",104.701016,
"DNK","GDPHRWKD","TOT","IDX2010","A","2015",106.19611,
"DNK","GDPHRWKD","TOT","IDX2010","A","2016",107.4605,
"DNK","GDPHRWKD","TOT","IDX2010","A","2017",108.453113,
"DNK","GDPHRWKD","TOT","IDX2010","A","2018",111.354022,
"FIN","GDPHRWKD","TOT","IDX2010","A","2001",89.080858,
"FIN","GDPHRWKD","TOT","IDX2010","A","2002",89.931763,
"FIN","GDPHRWKD","TOT","IDX2010","A","2003",91.966687,
"FIN","GDPHRWKD","TOT","IDX2010","A","2004",95.078131,
"FIN","GDPHRWKD","TOT","IDX2010","A","2005",96.785147,
"FIN","GDPHRWKD","TOT","IDX2010","A","2006",99.068832,
"FIN","GDPHRWKD","TOT","IDX2010","A","2007",102.187885,
"FIN","GDPHRWKD","TOT","IDX2010","A","2008",101.117282,
"FIN","GDPHRWKD","TOT","IDX2010","A","2009",96.754819,
"FIN","GDPHRWKD","TOT","IDX2010","A","2010",100,
"FIN","GDPHRWKD","TOT","IDX2010","A","2011",101.255209,
"FIN","GDPHRWKD","TOT","IDX2010","A","2012",99.750887,
"FIN","GDPHRWKD","TOT","IDX2010","A","2013",100.243569,
"FIN","GDPHRWKD","TOT","IDX2010","A","2014",100.505392,
"FIN","GDPHRWKD","TOT","IDX2010","A","2015",101.080197,
"FIN","GDPHRWKD","TOT","IDX2010","A","2016",103.468708,
"FIN","GDPHRWKD","TOT","IDX2010","A","2017",105.789955,
"FIN","GDPHRWKD","TOT","IDX2010","A","2018",104.860317,
"FRA","GDPHRWKD","TOT","IDX2010","A","2001",93.204922,
"FRA","GDPHRWKD","TOT","IDX2010","A","2002",95.925989,
"FRA","GDPHRWKD","TOT","IDX2010","A","2003",96.473494,
"FRA","GDPHRWKD","TOT","IDX2010","A","2004",97.539652,
"FRA","GDPHRWKD","TOT","IDX2010","A","2005",98.405401,
"FRA","GDPHRWKD","TOT","IDX2010","A","2006",100.855351,
"FRA","GDPHRWKD","TOT","IDX2010","A","2007",100.382673,
"FRA","GDPHRWKD","TOT","IDX2010","A","2008",99.742223,
"FRA","GDPHRWKD","TOT","IDX2010","A","2009",98.722057,
"FRA","GDPHRWKD","TOT","IDX2010","A","2010",100,
"FRA","GDPHRWKD","TOT","IDX2010","A","2011",101.001301,
"FRA","GDPHRWKD","TOT","IDX2010","A","2012",101.331298,
"FRA","GDPHRWKD","TOT","IDX2010","A","2013",102.703585,
"FRA","GDPHRWKD","TOT","IDX2010","A","2014",103.691799,
"FRA","GDPHRWKD","TOT","IDX2010","A","2015",104.533053,
"FRA","GDPHRWKD","TOT","IDX2010","A","2016",104.825146,
"FRA","GDPHRWKD","TOT","IDX2010","A","2017",107.313166,
"FRA","GDPHRWKD","TOT","IDX2010","A","2018",108.824436,
"DEU","GDPHRWKD","TOT","IDX2010","A","2001",94.020002,
"DEU","GDPHRWKD","TOT","IDX2010","A","2002",94.89137,
"DEU","GDPHRWKD","TOT","IDX2010","A","2003",95.60833,
"DEU","GDPHRWKD","TOT","IDX2010","A","2004",96.493828,
"DEU","GDPHRWKD","TOT","IDX2010","A","2005",98.006764,
"DEU","GDPHRWKD","TOT","IDX2010","A","2006",99.572097,
"DEU","GDPHRWKD","TOT","IDX2010","A","2007",100.75727,
"DEU","GDPHRWKD","TOT","IDX2010","A","2008",100.785387,
"DEU","GDPHRWKD","TOT","IDX2010","A","2009",97.747395,
"DEU","GDPHRWKD","TOT","IDX2010","A","2010",100,
"DEU","GDPHRWKD","TOT","IDX2010","A","2011",102.600516,
"DEU","GDPHRWKD","TOT","IDX2010","A","2012",103.234734,
"DEU","GDPHRWKD","TOT","IDX2010","A","2013",103.715397,
"DEU","GDPHRWKD","TOT","IDX2010","A","2014",104.806296,
"DEU","GDPHRWKD","TOT","IDX2010","A","2015",105.609352,
"DEU","GDPHRWKD","TOT","IDX2010","A","2016",107.108002,
"DEU","GDPHRWKD","TOT","IDX2010","A","2017",108.543162,
"DEU","GDPHRWKD","TOT","IDX2010","A","2018",108.822349,
"GRC","GDPHRWKD","TOT","IDX2010","A","2001",91.417522,
"GRC","GDPHRWKD","TOT","IDX2010","A","2002",93.105225,
"GRC","GDPHRWKD","TOT","IDX2010","A","2003",97.20367,
"GRC","GDPHRWKD","TOT","IDX2010","A","2004",100.1691,
"GRC","GDPHRWKD","TOT","IDX2010","A","2005",97.301574,
"GRC","GDPHRWKD","TOT","IDX2010","A","2006",101.512565,
"GRC","GDPHRWKD","TOT","IDX2010","A","2007",104.159679,
"GRC","GDPHRWKD","TOT","IDX2010","A","2008",102.703807,
"GRC","GDPHRWKD","TOT","IDX2010","A","2009",100.035145,
"GRC","GDPHRWKD","TOT","IDX2010","A","2010",100,
"GRC","GDPHRWKD","TOT","IDX2010","A","2011",96.728324,
"GRC","GDPHRWKD","TOT","IDX2010","A","2012",94.880526,
"GRC","GDPHRWKD","TOT","IDX2010","A","2013",94.082645,
"GRC","GDPHRWKD","TOT","IDX2010","A","2014",95.703851,
"GRC","GDPHRWKD","TOT","IDX2010","A","2015",94.113425,
"GRC","GDPHRWKD","TOT","IDX2010","A","2016",93.545021,
"GRC","GDPHRWKD","TOT","IDX2010","A","2017",92.840298,
"GRC","GDPHRWKD","TOT","IDX2010","A","2018",93.049659,
"HUN","GDPHRWKD","TOT","IDX2010","A","2001",69.199187,
"HUN","GDPHRWKD","TOT","IDX2010","A","2002",72.106146,
"HUN","GDPHRWKD","TOT","IDX2010","A","2003",76.079675,
"HUN","GDPHRWKD","TOT","IDX2010","A","2004",80.196842,
"HUN","GDPHRWKD","TOT","IDX2010","A","2005",83.81252,
"HUN","GDPHRWKD","TOT","IDX2010","A","2006",86.966021,
"HUN","GDPHRWKD","TOT","IDX2010","A","2007",87.270241,
"HUN","GDPHRWKD","TOT","IDX2010","A","2008",89.820218,
"HUN","GDPHRWKD","TOT","IDX2010","A","2009",86.762659,
"HUN","GDPHRWKD","TOT","IDX2010","A","2010",100,"B"
"HUN","GDPHRWKD","TOT","IDX2010","A","2011",100.436142,
"HUN","GDPHRWKD","TOT","IDX2010","A","2012",99.199884,
"HUN","GDPHRWKD","TOT","IDX2010","A","2013",100.258988,
"HUN","GDPHRWKD","TOT","IDX2010","A","2014",99.470052,
"HUN","GDPHRWKD","TOT","IDX2010","A","2015",101.212298,
"HUN","GDPHRWKD","TOT","IDX2010","A","2016",99.078798,
"HUN","GDPHRWKD","TOT","IDX2010","A","2017",102.601194,
"HUN","GDPHRWKD","TOT","IDX2010","A","2018",107.002511,
"ISL","GDPHRWKD","TOT","IDX2010","A","2001",72.303325,
"ISL","GDPHRWKD","TOT","IDX2010","A","2002",75.384335,
"ISL","GDPHRWKD","TOT","IDX2010","A","2003",78.453835,
"ISL","GDPHRWKD","TOT","IDX2010","A","2004",84.757259,
"ISL","GDPHRWKD","TOT","IDX2010","A","2005",87.703499,
"ISL","GDPHRWKD","TOT","IDX2010","A","2006",88.405666,
"ISL","GDPHRWKD","TOT","IDX2010","A","2007",93.73587,
"ISL","GDPHRWKD","TOT","IDX2010","A","2008",94.747007,
"ISL","GDPHRWKD","TOT","IDX2010","A","2009",101.673471,
"ISL","GDPHRWKD","TOT","IDX2010","A","2010",100,
"ISL","GDPHRWKD","TOT","IDX2010","A","2011",100.150329,
"ISL","GDPHRWKD","TOT","IDX2010","A","2012",100.500358,
"ISL","GDPHRWKD","TOT","IDX2010","A","2013",102.089171,
"ISL","GDPHRWKD","TOT","IDX2010","A","2014",102.417635,
"ISL","GDPHRWKD","TOT","IDX2010","A","2015",104.406218,
"ISL","GDPHRWKD","TOT","IDX2010","A","2016",107.42669,
"ISL","GDPHRWKD","TOT","IDX2010","A","2017",108.721799,
"ISL","GDPHRWKD","TOT","IDX2010","A","2018",111.642161,
"IRL","GDPHRWKD","TOT","IDX2010","A","2001",76.602111,
"IRL","GDPHRWKD","TOT","IDX2010","A","2002",80.688157,
"IRL","GDPHRWKD","TOT","IDX2010","A","2003",82.366672,
"IRL","GDPHRWKD","TOT","IDX2010","A","2004",85.541187,
"IRL","GDPHRWKD","TOT","IDX2010","A","2005",85.820559,
"IRL","GDPHRWKD","TOT","IDX2010","A","2006",86.389648,
"IRL","GDPHRWKD","TOT","IDX2010","A","2007",87.827416,
"IRL","GDPHRWKD","TOT","IDX2010","A","2008",85.387062,
"IRL","GDPHRWKD","TOT","IDX2010","A","2009",89.503525,
"IRL","GDPHRWKD","TOT","IDX2010","A","2010",100,"B"
"IRL","GDPHRWKD","TOT","IDX2010","A","2011",101.636455,
"IRL","GDPHRWKD","TOT","IDX2010","A","2012",102.347473,
"IRL","GDPHRWKD","TOT","IDX2010","A","2013",100.435699,
"IRL","GDPHRWKD","TOT","IDX2010","A","2014",105.343945,
"IRL","GDPHRWKD","TOT","IDX2010","A","2015",126.273341,
"IRL","GDPHRWKD","TOT","IDX2010","A","2016",126.774384,
"IRL","GDPHRWKD","TOT","IDX2010","A","2017",132.202588,
"IRL","GDPHRWKD","TOT","IDX2010","A","2018",137.786758,
"ITA","GDPHRWKD","TOT","IDX2010","A","2001",100.853561,
"ITA","GDPHRWKD","TOT","IDX2010","A","2002",100.062693,
"ITA","GDPHRWKD","TOT","IDX2010","A","2003",99.353618,
"ITA","GDPHRWKD","TOT","IDX2010","A","2004",100.186798,
"ITA","GDPHRWKD","TOT","IDX2010","A","2005",100.634422,
"ITA","GDPHRWKD","TOT","IDX2010","A","2006",100.41287,
"ITA","GDPHRWKD","TOT","IDX2010","A","2007",100.336547,
"ITA","GDPHRWKD","TOT","IDX2010","A","2008",99.764425,
"ITA","GDPHRWKD","TOT","IDX2010","A","2009",97.777066,
"ITA","GDPHRWKD","TOT","IDX2010","A","2010",100,
"ITA","GDPHRWKD","TOT","IDX2010","A","2011",100.675089,
"ITA","GDPHRWKD","TOT","IDX2010","A","2012",100.136945,
"ITA","GDPHRWKD","TOT","IDX2010","A","2013",100.93288,
"ITA","GDPHRWKD","TOT","IDX2010","A","2014",101.013172,
"ITA","GDPHRWKD","TOT","IDX2010","A","2015",101.07314,
"ITA","GDPHRWKD","TOT","IDX2010","A","2016",100.748523,
"ITA","GDPHRWKD","TOT","IDX2010","A","2017",101.436145,
"ITA","GDPHRWKD","TOT","IDX2010","A","2018",101.121379,
"JPN","GDPHRWKD","TOT","IDX2010","A","2001",90.433465,
"JPN","GDPHRWKD","TOT","IDX2010","A","2002",92.169896,
"JPN","GDPHRWKD","TOT","IDX2010","A","2003",93.477245,
"JPN","GDPHRWKD","TOT","IDX2010","A","2004",95.63376,
"JPN","GDPHRWKD","TOT","IDX2010","A","2005",97.102924,
"JPN","GDPHRWKD","TOT","IDX2010","A","2006",97.304897,
"JPN","GDPHRWKD","TOT","IDX2010","A","2007",98.081732,
"JPN","GDPHRWKD","TOT","IDX2010","A","2008",97.92474,
"JPN","GDPHRWKD","TOT","IDX2010","A","2009",96.836779,
"JPN","GDPHRWKD","TOT","IDX2010","A","2010",100,
"JPN","GDPHRWKD","TOT","IDX2010","A","2011",100.233283,
"JPN","GDPHRWKD","TOT","IDX2010","A","2012",101.170467,
"JPN","GDPHRWKD","TOT","IDX2010","A","2013",103.259424,
"JPN","GDPHRWKD","TOT","IDX2010","A","2014",103.339128,
"JPN","GDPHRWKD","TOT","IDX2010","A","2015",104.756992,
"JPN","GDPHRWKD","TOT","IDX2010","A","2016",104.703232,
"JPN","GDPHRWKD","TOT","IDX2010","A","2017",106.005834,
"JPN","GDPHRWKD","TOT","IDX2010","A","2018",106.51663,
"KOR","GDPHRWKD","TOT","IDX2010","A","2001",63.875746,
"KOR","GDPHRWKD","TOT","IDX2010","A","2002",68.084515,
"KOR","GDPHRWKD","TOT","IDX2010","A","2003",71.243933,
"KOR","GDPHRWKD","TOT","IDX2010","A","2004",74.468989,
"KOR","GDPHRWKD","TOT","IDX2010","A","2005",77.972097,
"KOR","GDPHRWKD","TOT","IDX2010","A","2006",81.218359,
"KOR","GDPHRWKD","TOT","IDX2010","A","2007",86.357648,
"KOR","GDPHRWKD","TOT","IDX2010","A","2008",91.22242,
"KOR","GDPHRWKD","TOT","IDX2010","A","2009",94.377491,
"KOR","GDPHRWKD","TOT","IDX2010","A","2010",100,
"KOR","GDPHRWKD","TOT","IDX2010","A","2011",102.893115,
"KOR","GDPHRWKD","TOT","IDX2010","A","2012",104.344642,
"KOR","GDPHRWKD","TOT","IDX2010","A","2013",106.687914,
"KOR","GDPHRWKD","TOT","IDX2010","A","2014",109.117317,
"KOR","GDPHRWKD","TOT","IDX2010","A","2015",110.607521,
"KOR","GDPHRWKD","TOT","IDX2010","A","2016",113.687962,
"KOR","GDPHRWKD","TOT","IDX2010","A","2017",118.766173,
"KOR","GDPHRWKD","TOT","IDX2010","A","2018",123.012839,
"LUX","GDPHRWKD","TOT","IDX2010","A","2001",96.794515,
"LUX","GDPHRWKD","TOT","IDX2010","A","2002",97.979172,
"LUX","GDPHRWKD","TOT","IDX2010","A","2003",97.87944,
"LUX","GDPHRWKD","TOT","IDX2010","A","2004",99.147312,
"LUX","GDPHRWKD","TOT","IDX2010","A","2005",101.333981,
"LUX","GDPHRWKD","TOT","IDX2010","A","2006",102.487284,
"LUX","GDPHRWKD","TOT","IDX2010","A","2007",105.413176,
"LUX","GDPHRWKD","TOT","IDX2010","A","2008",99.283936,
"LUX","GDPHRWKD","TOT","IDX2010","A","2009",97.10167,
"LUX","GDPHRWKD","TOT","IDX2010","A","2010",100,
"LUX","GDPHRWKD","TOT","IDX2010","A","2011",99.696771,
"LUX","GDPHRWKD","TOT","IDX2010","A","2012",97.441434,
"LUX","GDPHRWKD","TOT","IDX2010","A","2013",99.546202,
"LUX","GDPHRWKD","TOT","IDX2010","A","2014",100.999136,
"LUX","GDPHRWKD","TOT","IDX2010","A","2015",102.200273,
"LUX","GDPHRWKD","TOT","IDX2010","A","2016",103.829653,
"LUX","GDPHRWKD","TOT","IDX2010","A","2017",102.6564,
"LUX","GDPHRWKD","TOT","IDX2010","A","2018",102.057846,
"MEX","GDPHRWKD","TOT","IDX2010","A","2001",105.685658,
"MEX","GDPHRWKD","TOT","IDX2010","A","2002",100.863351,
"MEX","GDPHRWKD","TOT","IDX2010","A","2003",104.018528,
"MEX","GDPHRWKD","TOT","IDX2010","A","2004",105.449408,
"MEX","GDPHRWKD","TOT","IDX2010","A","2005",103.999893,
"MEX","GDPHRWKD","TOT","IDX2010","A","2006",107.379274,
"MEX","GDPHRWKD","TOT","IDX2010","A","2007",108.849329,
"MEX","GDPHRWKD","TOT","IDX2010","A","2008",105.258069,
"MEX","GDPHRWKD","TOT","IDX2010","A","2009",105.236776,
"MEX","GDPHRWKD","TOT","IDX2010","A","2010",100,"B"
"MEX","GDPHRWKD","TOT","IDX2010","A","2011",102.805566,
"MEX","GDPHRWKD","TOT","IDX2010","A","2012",103.19107,
"MEX","GDPHRWKD","TOT","IDX2010","A","2013",102.697226,
"MEX","GDPHRWKD","TOT","IDX2010","A","2014",105.273897,"E"
"MEX","GDPHRWKD","TOT","IDX2010","A","2015",105.868272,"E"
"MEX","GDPHRWKD","TOT","IDX2010","A","2016",106.585644,"E"
"MEX","GDPHRWKD","TOT","IDX2010","A","2017",107.14123,"E"
"MEX","GDPHRWKD","TOT","IDX2010","A","2018",106.470778,"E"
"NLD","GDPHRWKD","TOT","IDX2010","A","2001",91.567204,
"NLD","GDPHRWKD","TOT","IDX2010","A","2002",92.235549,
"NLD","GDPHRWKD","TOT","IDX2010","A","2003",93.453431,
"NLD","GDPHRWKD","TOT","IDX2010","A","2004",95.06519,
"NLD","GDPHRWKD","TOT","IDX2010","A","2005",97.335278,
"NLD","GDPHRWKD","TOT","IDX2010","A","2006",98.782988,
"NLD","GDPHRWKD","TOT","IDX2010","A","2007",99.665562,
"NLD","GDPHRWKD","TOT","IDX2010","A","2008",100.237746,
"NLD","GDPHRWKD","TOT","IDX2010","A","2009",97.976689,
"NLD","GDPHRWKD","TOT","IDX2010","A","2010",100,
"NLD","GDPHRWKD","TOT","IDX2010","A","2011",100.64084,
"NLD","GDPHRWKD","TOT","IDX2010","A","2012",100.49104,
"NLD","GDPHRWKD","TOT","IDX2010","A","2013",101.254678,
"NLD","GDPHRWKD","TOT","IDX2010","A","2014",102.004433,
"NLD","GDPHRWKD","TOT","IDX2010","A","2015",103.007055,
"NLD","GDPHRWKD","TOT","IDX2010","A","2016",102.846427,
"NLD","GDPHRWKD","TOT","IDX2010","A","2017",103.730039,
"NLD","GDPHRWKD","TOT","IDX2010","A","2018",104.104469,
"NZL","GDPHRWKD","TOT","IDX2010","A","2001",90.955562,
"NZL","GDPHRWKD","TOT","IDX2010","A","2002",92.728299,
"NZL","GDPHRWKD","TOT","IDX2010","A","2003",94.485376,
"NZL","GDPHRWKD","TOT","IDX2010","A","2004",94.137172,
"NZL","GDPHRWKD","TOT","IDX2010","A","2005",94.024369,
"NZL","GDPHRWKD","TOT","IDX2010","A","2006",95.395834,
"NZL","GDPHRWKD","TOT","IDX2010","A","2007",99.110045,
"NZL","GDPHRWKD","TOT","IDX2010","A","2008",95.975893,
"NZL","GDPHRWKD","TOT","IDX2010","A","2009",100.967367,
"NZL","GDPHRWKD","TOT","IDX2010","A","2010",100,
"NZL","GDPHRWKD","TOT","IDX2010","A","2011",101.969676,
"NZL","GDPHRWKD","TOT","IDX2010","A","2012",105.655646,
"NZL","GDPHRWKD","TOT","IDX2010","A","2013",103.760934,
"NZL","GDPHRWKD","TOT","IDX2010","A","2014",103.36725,
"NZL","GDPHRWKD","TOT","IDX2010","A","2015",106.063553,
"NZL","GDPHRWKD","TOT","IDX2010","A","2016",105.477651,
"NZL","GDPHRWKD","TOT","IDX2010","A","2017",103.852825,
"NZL","GDPHRWKD","TOT","IDX2010","A","2018",104.341273,"E"
"NOR","GDPHRWKD","TOT","IDX2010","A","2001",93.31401,
"NOR","GDPHRWKD","TOT","IDX2010","A","2002",96.314676,
"NOR","GDPHRWKD","TOT","IDX2010","A","2003",99.91223,
"NOR","GDPHRWKD","TOT","IDX2010","A","2004",102.460028,
"NOR","GDPHRWKD","TOT","IDX2010","A","2005",103.956652,
"NOR","GDPHRWKD","TOT","IDX2010","A","2006",103.653388,
"NOR","GDPHRWKD","TOT","IDX2010","A","2007",102.35468,
"NOR","GDPHRWKD","TOT","IDX2010","A","2008",99.563413,
"NOR","GDPHRWKD","TOT","IDX2010","A","2009",99.583258,
"NOR","GDPHRWKD","TOT","IDX2010","A","2010",100,
"NOR","GDPHRWKD","TOT","IDX2010","A","2011",99.195175,
"NOR","GDPHRWKD","TOT","IDX2010","A","2012",100.105691,
"NOR","GDPHRWKD","TOT","IDX2010","A","2013",100.730494,
"NOR","GDPHRWKD","TOT","IDX2010","A","2014",101.452105,
"NOR","GDPHRWKD","TOT","IDX2010","A","2015",102.761441,
"NOR","GDPHRWKD","TOT","IDX2010","A","2016",103.368791,
"NOR","GDPHRWKD","TOT","IDX2010","A","2017",105.575115,
"NOR","GDPHRWKD","TOT","IDX2010","A","2018",105.080404,
"POL","GDPHRWKD","TOT","IDX2010","A","2001",73.370417,
"POL","GDPHRWKD","TOT","IDX2010","A","2002",77.406371,
"POL","GDPHRWKD","TOT","IDX2010","A","2003",80.890279,
"POL","GDPHRWKD","TOT","IDX2010","A","2004",84.04643,
"POL","GDPHRWKD","TOT","IDX2010","A","2005",85.375194,
"POL","GDPHRWKD","TOT","IDX2010","A","2006",87.810455,
"POL","GDPHRWKD","TOT","IDX2010","A","2007",90.089939,
"POL","GDPHRWKD","TOT","IDX2010","A","2008",90.821866,
"POL","GDPHRWKD","TOT","IDX2010","A","2009",93.751789,
"POL","GDPHRWKD","TOT","IDX2010","A","2010",100,"B"
"POL","GDPHRWKD","TOT","IDX2010","A","2011",104.711698,
"POL","GDPHRWKD","TOT","IDX2010","A","2012",106.565679,
"POL","GDPHRWKD","TOT","IDX2010","A","2013",108.304648,
"POL","GDPHRWKD","TOT","IDX2010","A","2014",109.636775,
"POL","GDPHRWKD","TOT","IDX2010","A","2015",111.714017,
"POL","GDPHRWKD","TOT","IDX2010","A","2016",114.08487,
"POL","GDPHRWKD","TOT","IDX2010","A","2017",119.505095,
"POL","GDPHRWKD","TOT","IDX2010","A","2018",126.581765,
"PRT","GDPHRWKD","TOT","IDX2010","A","2001",89.500553,
"PRT","GDPHRWKD","TOT","IDX2010","A","2002",90.153042,
"PRT","GDPHRWKD","TOT","IDX2010","A","2003",90.497467,
"PRT","GDPHRWKD","TOT","IDX2010","A","2004",92.504295,
"PRT","GDPHRWKD","TOT","IDX2010","A","2005",93.549409,
"PRT","GDPHRWKD","TOT","IDX2010","A","2006",95.298158,
"PRT","GDPHRWKD","TOT","IDX2010","A","2007",96.777513,
"PRT","GDPHRWKD","TOT","IDX2010","A","2008",97.401833,
"PRT","GDPHRWKD","TOT","IDX2010","A","2009",97.004365,
"PRT","GDPHRWKD","TOT","IDX2010","A","2010",100,
"PRT","GDPHRWKD","TOT","IDX2010","A","2011",101.478891,
"PRT","GDPHRWKD","TOT","IDX2010","A","2012",102.468048,
"PRT","GDPHRWKD","TOT","IDX2010","A","2013",103.966538,
"PRT","GDPHRWKD","TOT","IDX2010","A","2014",102.909484,
"PRT","GDPHRWKD","TOT","IDX2010","A","2015",102.835196,
"PRT","GDPHRWKD","TOT","IDX2010","A","2016",103.061958,
"PRT","GDPHRWKD","TOT","IDX2010","A","2017",103.163299,
"PRT","GDPHRWKD","TOT","IDX2010","A","2018",103.576199,
"SVK","GDPHRWKD","TOT","IDX2010","A","2001",68.010698,
"SVK","GDPHRWKD","TOT","IDX2010","A","2002",72.900381,
"SVK","GDPHRWKD","TOT","IDX2010","A","2003",78.618581,
"SVK","GDPHRWKD","TOT","IDX2010","A","2004",80.843738,
"SVK","GDPHRWKD","TOT","IDX2010","A","2005",83.511185,
"SVK","GDPHRWKD","TOT","IDX2010","A","2006",88.5081,
"SVK","GDPHRWKD","TOT","IDX2010","A","2007",95.188152,
"SVK","GDPHRWKD","TOT","IDX2010","A","2008",97.239664,
"SVK","GDPHRWKD","TOT","IDX2010","A","2009",94.455634,
"SVK","GDPHRWKD","TOT","IDX2010","A","2010",100,
"SVK","GDPHRWKD","TOT","IDX2010","A","2011",101.755739,
"SVK","GDPHRWKD","TOT","IDX2010","A","2012",103.862261,
"SVK","GDPHRWKD","TOT","IDX2010","A","2013",106.415077,
"SVK","GDPHRWKD","TOT","IDX2010","A","2014",108.559672,
"SVK","GDPHRWKD","TOT","IDX2010","A","2015",111.939913,
"SVK","GDPHRWKD","TOT","IDX2010","A","2016",112.56301,
"SVK","GDPHRWKD","TOT","IDX2010","A","2017",115.218828,
"SVK","GDPHRWKD","TOT","IDX2010","A","2018",118.186295,
"ESP","GDPHRWKD","TOT","IDX2010","A","2001",92.317892,
"ESP","GDPHRWKD","TOT","IDX2010","A","2002",92.461088,
"ESP","GDPHRWKD","TOT","IDX2010","A","2003",92.736225,
"ESP","GDPHRWKD","TOT","IDX2010","A","2004",93.033507,
"ESP","GDPHRWKD","TOT","IDX2010","A","2005",93.396889,
"ESP","GDPHRWKD","TOT","IDX2010","A","2006",93.943077,
"ESP","GDPHRWKD","TOT","IDX2010","A","2007",94.981354,
"ESP","GDPHRWKD","TOT","IDX2010","A","2008",95.225959,
"ESP","GDPHRWKD","TOT","IDX2010","A","2009",97.520851,
"ESP","GDPHRWKD","TOT","IDX2010","A","2010",100,
"ESP","GDPHRWKD","TOT","IDX2010","A","2011",101.476267,
"ESP","GDPHRWKD","TOT","IDX2010","A","2012",103.4333,
"ESP","GDPHRWKD","TOT","IDX2010","A","2013",104.925488,
"ESP","GDPHRWKD","TOT","IDX2010","A","2014",105.238021,
"ESP","GDPHRWKD","TOT","IDX2010","A","2015",106.070472,
"ESP","GDPHRWKD","TOT","IDX2010","A","2016",106.548712,
"ESP","GDPHRWKD","TOT","IDX2010","A","2017",107.545283,
"ESP","GDPHRWKD","TOT","IDX2010","A","2018",107.309201,
"SWE","GDPHRWKD","TOT","IDX2010","A","2001",83.935867,
"SWE","GDPHRWKD","TOT","IDX2010","A","2002",86.981827,
"SWE","GDPHRWKD","TOT","IDX2010","A","2003",90.188048,
"SWE","GDPHRWKD","TOT","IDX2010","A","2004",93.328183,
"SWE","GDPHRWKD","TOT","IDX2010","A","2005",96.007842,
"SWE","GDPHRWKD","TOT","IDX2010","A","2006",98.960558,
"SWE","GDPHRWKD","TOT","IDX2010","A","2007",99.271445,
"SWE","GDPHRWKD","TOT","IDX2010","A","2008",98.015447,
"SWE","GDPHRWKD","TOT","IDX2010","A","2009",96.320668,
"SWE","GDPHRWKD","TOT","IDX2010","A","2010",100,
"SWE","GDPHRWKD","TOT","IDX2010","A","2011",100.919503,
"SWE","GDPHRWKD","TOT","IDX2010","A","2012",100.423639,
"SWE","GDPHRWKD","TOT","IDX2010","A","2013",101.091992,
"SWE","GDPHRWKD","TOT","IDX2010","A","2014",102.435361,
"SWE","GDPHRWKD","TOT","IDX2010","A","2015",105.332487,
"SWE","GDPHRWKD","TOT","IDX2010","A","2016",105.12732,
"SWE","GDPHRWKD","TOT","IDX2010","A","2017",105.94317,
"SWE","GDPHRWKD","TOT","IDX2010","A","2018",106.317667,
"CHE","GDPHRWKD","TOT","IDX2010","A","2001",91.54402,
"CHE","GDPHRWKD","TOT","IDX2010","A","2002",92.232745,
"CHE","GDPHRWKD","TOT","IDX2010","A","2003",91.86068,
"CHE","GDPHRWKD","TOT","IDX2010","A","2004",92.461378,
"CHE","GDPHRWKD","TOT","IDX2010","A","2005",94.928453,
"CHE","GDPHRWKD","TOT","IDX2010","A","2006",97.228047,
"CHE","GDPHRWKD","TOT","IDX2010","A","2007",99.29129,
"CHE","GDPHRWKD","TOT","IDX2010","A","2008",99.621294,
"CHE","GDPHRWKD","TOT","IDX2010","A","2009",97.462968,
"CHE","GDPHRWKD","TOT","IDX2010","A","2010",100,
"CHE","GDPHRWKD","TOT","IDX2010","A","2011",99.473463,
"CHE","GDPHRWKD","TOT","IDX2010","A","2012",99.738207,
"CHE","GDPHRWKD","TOT","IDX2010","A","2013",101.607501,
"CHE","GDPHRWKD","TOT","IDX2010","A","2014",102.671013,
"CHE","GDPHRWKD","TOT","IDX2010","A","2015",101.578096,
"CHE","GDPHRWKD","TOT","IDX2010","A","2016",101.863457,
"CHE","GDPHRWKD","TOT","IDX2010","A","2017",104.109469,
"CHE","GDPHRWKD","TOT","IDX2010","A","2018",106.56461,
"TUR","GDPHRWKD","TOT","IDX2010","A","2001",70.500558,
"TUR","GDPHRWKD","TOT","IDX2010","A","2002",75.224401,
"TUR","GDPHRWKD","TOT","IDX2010","A","2003",80.07146,
"TUR","GDPHRWKD","TOT","IDX2010","A","2004",87.268167,
"TUR","GDPHRWKD","TOT","IDX2010","A","2005",92.253071,
"TUR","GDPHRWKD","TOT","IDX2010","A","2006",96.735393,
"TUR","GDPHRWKD","TOT","IDX2010","A","2007",101.862827,
"TUR","GDPHRWKD","TOT","IDX2010","A","2008",101.55521,
"TUR","GDPHRWKD","TOT","IDX2010","A","2009",97.48802,
"TUR","GDPHRWKD","TOT","IDX2010","A","2010",100,
"TUR","GDPHRWKD","TOT","IDX2010","A","2011",105.404026,
"TUR","GDPHRWKD","TOT","IDX2010","A","2012",107.622277,
"TUR","GDPHRWKD","TOT","IDX2010","A","2013",114.89747,
"TUR","GDPHRWKD","TOT","IDX2010","A","2014",114.929307,"E"
"TUR","GDPHRWKD","TOT","IDX2010","A","2015",118.630341,"E"
"TUR","GDPHRWKD","TOT","IDX2010","A","2016",119.799818,"E"
"TUR","GDPHRWKD","TOT","IDX2010","A","2017",124.301405,"E"
"TUR","GDPHRWKD","TOT","IDX2010","A","2018",125.436754,"E"
"GBR","GDPHRWKD","TOT","IDX2010","A","2001",88.478069,
"GBR","GDPHRWKD","TOT","IDX2010","A","2002",90.706292,
"GBR","GDPHRWKD","TOT","IDX2010","A","2003",93.422247,
"GBR","GDPHRWKD","TOT","IDX2010","A","2004",95.466444,
"GBR","GDPHRWKD","TOT","IDX2010","A","2005",96.338773,
"GBR","GDPHRWKD","TOT","IDX2010","A","2006",98.430962,
"GBR","GDPHRWKD","TOT","IDX2010","A","2007",99.87579,
"GBR","GDPHRWKD","TOT","IDX2010","A","2008",100.057172,
"GBR","GDPHRWKD","TOT","IDX2010","A","2009",97.683398,
"GBR","GDPHRWKD","TOT","IDX2010","A","2010",100,
"GBR","GDPHRWKD","TOT","IDX2010","A","2011",100.231201,
"GBR","GDPHRWKD","TOT","IDX2010","A","2012",99.76363,
"GBR","GDPHRWKD","TOT","IDX2010","A","2013",100.065965,
"GBR","GDPHRWKD","TOT","IDX2010","A","2014",99.913134,
"GBR","GDPHRWKD","TOT","IDX2010","A","2015",101.576443,
"GBR","GDPHRWKD","TOT","IDX2010","A","2016",101.099295,
"GBR","GDPHRWKD","TOT","IDX2010","A","2017",102.132758,
"GBR","GDPHRWKD","TOT","IDX2010","A","2018",102.658874,
"USA","GDPHRWKD","TOT","IDX2010","A","2001",82.35685,
"USA","GDPHRWKD","TOT","IDX2010","A","2002",84.67324,
"USA","GDPHRWKD","TOT","IDX2010","A","2003",87.289092,
"USA","GDPHRWKD","TOT","IDX2010","A","2004",89.526473,
"USA","GDPHRWKD","TOT","IDX2010","A","2005",91.423361,
"USA","GDPHRWKD","TOT","IDX2010","A","2006",92.353846,
"USA","GDPHRWKD","TOT","IDX2010","A","2007",93.527155,
"USA","GDPHRWKD","TOT","IDX2010","A","2008",94.480177,
"USA","GDPHRWKD","TOT","IDX2010","A","2009",97.562935,
"USA","GDPHRWKD","TOT","IDX2010","A","2010",100,
"USA","GDPHRWKD","TOT","IDX2010","A","2011",100.039331,
"USA","GDPHRWKD","TOT","IDX2010","A","2012",100.386521,
"USA","GDPHRWKD","TOT","IDX2010","A","2013",100.813556,
"USA","GDPHRWKD","TOT","IDX2010","A","2014",101.428256,
"USA","GDPHRWKD","TOT","IDX2010","A","2015",102.193456,
"USA","GDPHRWKD","TOT","IDX2010","A","2016",102.412639,
"USA","GDPHRWKD","TOT","IDX2010","A","2017",103.693026,
"USA","GDPHRWKD","TOT","IDX2010","A","2018",104.714818,"E"
"CHL","GDPHRWKD","TOT","IDX2010","A","2001",83.402904,
"CHL","GDPHRWKD","TOT","IDX2010","A","2002",84.142591,
"CHL","GDPHRWKD","TOT","IDX2010","A","2003",84.850427,
"CHL","GDPHRWKD","TOT","IDX2010","A","2004",88.825511,
"CHL","GDPHRWKD","TOT","IDX2010","A","2005",93.566153,
"CHL","GDPHRWKD","TOT","IDX2010","A","2006",97.42158,
"CHL","GDPHRWKD","TOT","IDX2010","A","2007",101.177493,
"CHL","GDPHRWKD","TOT","IDX2010","A","2008",103.4066,
"CHL","GDPHRWKD","TOT","IDX2010","A","2009",103.497966,
"CHL","GDPHRWKD","TOT","IDX2010","A","2010",100,
"CHL","GDPHRWKD","TOT","IDX2010","A","2011",102.193911,
"CHL","GDPHRWKD","TOT","IDX2010","A","2012",106.872451,"B"
"CHL","GDPHRWKD","TOT","IDX2010","A","2013",109.389477,
"CHL","GDPHRWKD","TOT","IDX2010","A","2014",111.053334,
"CHL","GDPHRWKD","TOT","IDX2010","A","2015",111.961378,
"CHL","GDPHRWKD","TOT","IDX2010","A","2016",113.409042,
"CHL","GDPHRWKD","TOT","IDX2010","A","2017",113.776789,
"CHL","GDPHRWKD","TOT","IDX2010","A","2018",117.530094,
"EST","GDPHRWKD","TOT","IDX2010","A","2001",67.023859,
"EST","GDPHRWKD","TOT","IDX2010","A","2002",71.520043,
"EST","GDPHRWKD","TOT","IDX2010","A","2003",75.082529,
"EST","GDPHRWKD","TOT","IDX2010","A","2004",80.149354,
"EST","GDPHRWKD","TOT","IDX2010","A","2005",84.87728,
"EST","GDPHRWKD","TOT","IDX2010","A","2006",89.112163,
"EST","GDPHRWKD","TOT","IDX2010","A","2007",95.831161,
"EST","GDPHRWKD","TOT","IDX2010","A","2008",92.529577,
"EST","GDPHRWKD","TOT","IDX2010","A","2009",94.697011,
"EST","GDPHRWKD","TOT","IDX2010","A","2010",100,
"EST","GDPHRWKD","TOT","IDX2010","A","2011",98.550074,
"EST","GDPHRWKD","TOT","IDX2010","A","2012",101.746727,
"EST","GDPHRWKD","TOT","IDX2010","A","2013",102.921014,
"EST","GDPHRWKD","TOT","IDX2010","A","2014",105.54196,
"EST","GDPHRWKD","TOT","IDX2010","A","2015",104.895567,
"EST","GDPHRWKD","TOT","IDX2010","A","2016",107.165958,
"EST","GDPHRWKD","TOT","IDX2010","A","2017",110.297262,
"EST","GDPHRWKD","TOT","IDX2010","A","2018",116.99818,
"ISR","GDPHRWKD","TOT","IDX2010","A","2001",89.446291,
"ISR","GDPHRWKD","TOT","IDX2010","A","2002",87.826314,
"ISR","GDPHRWKD","TOT","IDX2010","A","2003",88.600031,
"ISR","GDPHRWKD","TOT","IDX2010","A","2004",92.647771,
"ISR","GDPHRWKD","TOT","IDX2010","A","2005",93.73913,
"ISR","GDPHRWKD","TOT","IDX2010","A","2006",97.188334,
"ISR","GDPHRWKD","TOT","IDX2010","A","2007",98.235077,
"ISR","GDPHRWKD","TOT","IDX2010","A","2008",98.248097,
"ISR","GDPHRWKD","TOT","IDX2010","A","2009",97.26979,
"ISR","GDPHRWKD","TOT","IDX2010","A","2010",100,
"ISR","GDPHRWKD","TOT","IDX2010","A","2011",102.379778,
"ISR","GDPHRWKD","TOT","IDX2010","A","2012",102.240978,
"ISR","GDPHRWKD","TOT","IDX2010","A","2013",104.389596,
"ISR","GDPHRWKD","TOT","IDX2010","A","2014",106.181506,
"ISR","GDPHRWKD","TOT","IDX2010","A","2015",106.145536,
"ISR","GDPHRWKD","TOT","IDX2010","A","2016",106.428797,
"ISR","GDPHRWKD","TOT","IDX2010","A","2017",107.660862,
"ISR","GDPHRWKD","TOT","IDX2010","A","2018",109.898898,
"LVA","GDPHRWKD","TOT","IDX2010","A","2001",64.413525,
"LVA","GDPHRWKD","TOT","IDX2010","A","2002",69.728819,
"LVA","GDPHRWKD","TOT","IDX2010","A","2003",75.531604,
"LVA","GDPHRWKD","TOT","IDX2010","A","2004",83.810413,
"LVA","GDPHRWKD","TOT","IDX2010","A","2005",90.653962,
"LVA","GDPHRWKD","TOT","IDX2010","A","2006",95.853391,"B"
"LVA","GDPHRWKD","TOT","IDX2010","A","2007",103.136893,
"LVA","GDPHRWKD","TOT","IDX2010","A","2008",94.277384,
"LVA","GDPHRWKD","TOT","IDX2010","A","2009",96.816599,
"LVA","GDPHRWKD","TOT","IDX2010","A","2010",100,
"LVA","GDPHRWKD","TOT","IDX2010","A","2011",103.810469,
"LVA","GDPHRWKD","TOT","IDX2010","A","2012",107.477451,
"LVA","GDPHRWKD","TOT","IDX2010","A","2013",107.877429,
"LVA","GDPHRWKD","TOT","IDX2010","A","2014",110.871721,
"LVA","GDPHRWKD","TOT","IDX2010","A","2015",115.075163,
"LVA","GDPHRWKD","TOT","IDX2010","A","2016",117.404684,
"LVA","GDPHRWKD","TOT","IDX2010","A","2017",122.900318,
"LVA","GDPHRWKD","TOT","IDX2010","A","2018",126.247869,
"LTU","GDPHRWKD","TOT","IDX2010","A","2001",66.53527,
"LTU","GDPHRWKD","TOT","IDX2010","A","2002",69.644147,
"LTU","GDPHRWKD","TOT","IDX2010","A","2003",75.984612,
"LTU","GDPHRWKD","TOT","IDX2010","A","2004",77.859959,
"LTU","GDPHRWKD","TOT","IDX2010","A","2005",83.199134,
"LTU","GDPHRWKD","TOT","IDX2010","A","2006",89.861854,
"LTU","GDPHRWKD","TOT","IDX2010","A","2007",96.356795,
"LTU","GDPHRWKD","TOT","IDX2010","A","2008",98.664132,
"LTU","GDPHRWKD","TOT","IDX2010","A","2009",94.461668,
"LTU","GDPHRWKD","TOT","IDX2010","A","2010",100,
"LTU","GDPHRWKD","TOT","IDX2010","A","2011",106.874707,
"LTU","GDPHRWKD","TOT","IDX2010","A","2012",108.981359,
"LTU","GDPHRWKD","TOT","IDX2010","A","2013",112.308845,
"LTU","GDPHRWKD","TOT","IDX2010","A","2014",114.417234,
"LTU","GDPHRWKD","TOT","IDX2010","A","2015",113.496782,
"LTU","GDPHRWKD","TOT","IDX2010","A","2016",112.29208,
"LTU","GDPHRWKD","TOT","IDX2010","A","2017",120.550501,
"LTU","GDPHRWKD","TOT","IDX2010","A","2018",122.640591,
"RUS","GDPHRWKD","TOT","IDX2010","A","2001",70.149276,
"RUS","GDPHRWKD","TOT","IDX2010","A","2002",71.711733,
"RUS","GDPHRWKD","TOT","IDX2010","A","2003",76.779931,
"RUS","GDPHRWKD","TOT","IDX2010","A","2004",81.259084,
"RUS","GDPHRWKD","TOT","IDX2010","A","2005",85.478049,
"RUS","GDPHRWKD","TOT","IDX2010","A","2006",91.114058,
"RUS","GDPHRWKD","TOT","IDX2010","A","2007",96.438455,
"RUS","GDPHRWKD","TOT","IDX2010","A","2008",101.036201,
"RUS","GDPHRWKD","TOT","IDX2010","A","2009",96.476302,
"RUS","GDPHRWKD","TOT","IDX2010","A","2010",100,
"RUS","GDPHRWKD","TOT","IDX2010","A","2011",102.558838,
"RUS","GDPHRWKD","TOT","IDX2010","A","2012",105.125449,
"RUS","GDPHRWKD","TOT","IDX2010","A","2013",107.341369,
"RUS","GDPHRWKD","TOT","IDX2010","A","2014",107.639289,
"RUS","GDPHRWKD","TOT","IDX2010","A","2015",104.382646,
"RUS","GDPHRWKD","TOT","IDX2010","A","2016",104.838548,
"RUS","GDPHRWKD","TOT","IDX2010","A","2017",106.593777,
"RUS","GDPHRWKD","TOT","IDX2010","A","2018",108.851529,"E"
"SVN","GDPHRWKD","TOT","IDX2010","A","2001",81.928214,
"SVN","GDPHRWKD","TOT","IDX2010","A","2002",82.288207,
"SVN","GDPHRWKD","TOT","IDX2010","A","2003",84.828922,
"SVN","GDPHRWKD","TOT","IDX2010","A","2004",87.611364,
"SVN","GDPHRWKD","TOT","IDX2010","A","2005",93.533102,
"SVN","GDPHRWKD","TOT","IDX2010","A","2006",99.079044,
"SVN","GDPHRWKD","TOT","IDX2010","A","2007",103.333289,
"SVN","GDPHRWKD","TOT","IDX2010","A","2008",103.192633,
"SVN","GDPHRWKD","TOT","IDX2010","A","2009",96.680804,
"SVN","GDPHRWKD","TOT","IDX2010","A","2010",100,
"SVN","GDPHRWKD","TOT","IDX2010","A","2011",103.629878,
"SVN","GDPHRWKD","TOT","IDX2010","A","2012",103.036541,
"SVN","GDPHRWKD","TOT","IDX2010","A","2013",102.028032,
"SVN","GDPHRWKD","TOT","IDX2010","A","2014",103.195396,
"SVN","GDPHRWKD","TOT","IDX2010","A","2015",103.770592,
"SVN","GDPHRWKD","TOT","IDX2010","A","2016",107.354356,
"SVN","GDPHRWKD","TOT","IDX2010","A","2017",111.366949,
"SVN","GDPHRWKD","TOT","IDX2010","A","2018",113.993331,
"EU28","GDPHRWKD","TOT","IDX2010","A","2001",90.328704,
"EU28","GDPHRWKD","TOT","IDX2010","A","2002",92.23514,
"EU28","GDPHRWKD","TOT","IDX2010","A","2003",93.504627,
"EU28","GDPHRWKD","TOT","IDX2010","A","2004",95.06811,
"EU28","GDPHRWKD","TOT","IDX2010","A","2005",96.13695,
"EU28","GDPHRWKD","TOT","IDX2010","A","2006",97.669722,
"EU28","GDPHRWKD","TOT","IDX2010","A","2007",98.637393,
"EU28","GDPHRWKD","TOT","IDX2010","A","2008",98.386163,
"EU28","GDPHRWKD","TOT","IDX2010","A","2009",97.030933,
"EU28","GDPHRWKD","TOT","IDX2010","A","2010",100,
"EU28","GDPHRWKD","TOT","IDX2010","A","2011",101.638172,
"EU28","GDPHRWKD","TOT","IDX2010","A","2012",102.203322,
"EU28","GDPHRWKD","TOT","IDX2010","A","2013",103.167352,
"EU28","GDPHRWKD","TOT","IDX2010","A","2014",103.876014,
"EU28","GDPHRWKD","TOT","IDX2010","A","2015",105.259968,
"EU28","GDPHRWKD","TOT","IDX2010","A","2016",105.724473,
"EU28","GDPHRWKD","TOT","IDX2010","A","2017",107.198664,
"EU28","GDPHRWKD","TOT","IDX2010","A","2018",108.201584,
"OECD","GDPHRWKD","TOT","IDX2010","A","2001",88.042034,
"OECD","GDPHRWKD","TOT","IDX2010","A","2002",89.511687,
"OECD","GDPHRWKD","TOT","IDX2010","A","2003",91.568411,
"OECD","GDPHRWKD","TOT","IDX2010","A","2004",93.588456,
"OECD","GDPHRWKD","TOT","IDX2010","A","2005",95.077206,
"OECD","GDPHRWKD","TOT","IDX2010","A","2006",96.566736,
"OECD","GDPHRWKD","TOT","IDX2010","A","2007",97.961936,
"OECD","GDPHRWKD","TOT","IDX2010","A","2008",98.012372,
"OECD","GDPHRWKD","TOT","IDX2010","A","2009",98.340224,
"OECD","GDPHRWKD","TOT","IDX2010","A","2010",100,
"OECD","GDPHRWKD","TOT","IDX2010","A","2011",101.044641,
"OECD","GDPHRWKD","TOT","IDX2010","A","2012",101.553164,
"OECD","GDPHRWKD","TOT","IDX2010","A","2013",102.574888,
"OECD","GDPHRWKD","TOT","IDX2010","A","2014",103.459289,
"OECD","GDPHRWKD","TOT","IDX2010","A","2015",104.570896,
"OECD","GDPHRWKD","TOT","IDX2010","A","2016",104.96314,
"OECD","GDPHRWKD","TOT","IDX2010","A","2017",106.577214,
"OECD","GDPHRWKD","TOT","IDX2010","A","2018",107.539247,
"G-7","GDPHRWKD","TOT","IDX2010","A","2001",87.725696,
"G-7","GDPHRWKD","TOT","IDX2010","A","2002",89.602993,
"G-7","GDPHRWKD","TOT","IDX2010","A","2003",91.330898,
"G-7","GDPHRWKD","TOT","IDX2010","A","2004",93.217296,
"G-7","GDPHRWKD","TOT","IDX2010","A","2005",94.816873,
"G-7","GDPHRWKD","TOT","IDX2010","A","2006",95.848525,
"G-7","GDPHRWKD","TOT","IDX2010","A","2007",96.730747,
"G-7","GDPHRWKD","TOT","IDX2010","A","2008",97.094254,
"G-7","GDPHRWKD","TOT","IDX2010","A","2009",97.694547,
"G-7","GDPHRWKD","TOT","IDX2010","A","2010",100,
"G-7","GDPHRWKD","TOT","IDX2010","A","2011",100.647755,
"G-7","GDPHRWKD","TOT","IDX2010","A","2012",101.069541,
"G-7","GDPHRWKD","TOT","IDX2010","A","2013",101.957751,
"G-7","GDPHRWKD","TOT","IDX2010","A","2014",102.668546,
"G-7","GDPHRWKD","TOT","IDX2010","A","2015",103.645526,
"G-7","GDPHRWKD","TOT","IDX2010","A","2016",103.914699,
"G-7","GDPHRWKD","TOT","IDX2010","A","2017",105.300612,
"G-7","GDPHRWKD","TOT","IDX2010","A","2018",106.127485,
"EA19","GDPHRWKD","TOT","IDX2010","A","2001",93.376312,
"EA19","GDPHRWKD","TOT","IDX2010","A","2002",94.213709,
"EA19","GDPHRWKD","TOT","IDX2010","A","2003",94.675832,
"EA19","GDPHRWKD","TOT","IDX2010","A","2004",95.820149,
"EA19","GDPHRWKD","TOT","IDX2010","A","2005",96.68281,
"EA19","GDPHRWKD","TOT","IDX2010","A","2006",98.08026,
"EA19","GDPHRWKD","TOT","IDX2010","A","2007",98.953007,
"EA19","GDPHRWKD","TOT","IDX2010","A","2008",98.65616,
"EA19","GDPHRWKD","TOT","IDX2010","A","2009",97.530186,
"EA19","GDPHRWKD","TOT","IDX2010","A","2010",100,
"EA19","GDPHRWKD","TOT","IDX2010","A","2011",101.58887,
"EA19","GDPHRWKD","TOT","IDX2010","A","2012",102.335695,
"EA19","GDPHRWKD","TOT","IDX2010","A","2013",103.381673,
"EA19","GDPHRWKD","TOT","IDX2010","A","2014",104.239365,
"EA19","GDPHRWKD","TOT","IDX2010","A","2015",105.228265,
"EA19","GDPHRWKD","TOT","IDX2010","A","2016",105.728379,
"EA19","GDPHRWKD","TOT","IDX2010","A","2017",107.150042,
"EA19","GDPHRWKD","TOT","IDX2010","A","2018",107.653315,
"ZAF","GDPHRWKD","TOT","IDX2010","A","2001",78.498133,
"ZAF","GDPHRWKD","TOT","IDX2010","A","2002",81.913523,
"ZAF","GDPHRWKD","TOT","IDX2010","A","2003",87.779621,
"ZAF","GDPHRWKD","TOT","IDX2010","A","2004",89.107461,
"ZAF","GDPHRWKD","TOT","IDX2010","A","2005",86.375525,
"ZAF","GDPHRWKD","TOT","IDX2010","A","2006",89.934092,
"ZAF","GDPHRWKD","TOT","IDX2010","A","2007",94.154872,
"ZAF","GDPHRWKD","TOT","IDX2010","A","2008",91.202413,
"ZAF","GDPHRWKD","TOT","IDX2010","A","2009",93.706367,
"ZAF","GDPHRWKD","TOT","IDX2010","A","2010",100,
"ZAF","GDPHRWKD","TOT","IDX2010","A","2011",100.367652,
"ZAF","GDPHRWKD","TOT","IDX2010","A","2012",101.436765,
"ZAF","GDPHRWKD","TOT","IDX2010","A","2013",101.428308,
"ZAF","GDPHRWKD","TOT","IDX2010","A","2014",101.520279,
"ZAF","GDPHRWKD","TOT","IDX2010","A","2015",111.511629,"E"
"ZAF","GDPHRWKD","TOT","IDX2010","A","2016",98.579546,"E"
"ZAF","GDPHRWKD","TOT","IDX2010","A","2017",98.524905,"E"
"ZAF","GDPHRWKD","TOT","IDX2010","A","2018",97.938287,"E"
"CRI","GDPHRWKD","TOT","IDX2010","A","2001",78.744126,
"CRI","GDPHRWKD","TOT","IDX2010","A","2002",79.183168,
"CRI","GDPHRWKD","TOT","IDX2010","A","2003",80.251572,
"CRI","GDPHRWKD","TOT","IDX2010","A","2004",82.191779,
"CRI","GDPHRWKD","TOT","IDX2010","A","2005",80.679403,
"CRI","GDPHRWKD","TOT","IDX2010","A","2006",83.792453,
"CRI","GDPHRWKD","TOT","IDX2010","A","2007",84.895599,
"CRI","GDPHRWKD","TOT","IDX2010","A","2008",87.496074,
"CRI","GDPHRWKD","TOT","IDX2010","A","2009",89.888105,
"CRI","GDPHRWKD","TOT","IDX2010","A","2010",100,
"CRI","GDPHRWKD","TOT","IDX2010","A","2011",104.70427,
"CRI","GDPHRWKD","TOT","IDX2010","A","2012",103.160289,
"CRI","GDPHRWKD","TOT","IDX2010","A","2013",108.318253,
"CRI","GDPHRWKD","TOT","IDX2010","A","2014",111.043495,
"CRI","GDPHRWKD","TOT","IDX2010","A","2015",114.591683,
"CRI","GDPHRWKD","TOT","IDX2010","A","2016",119.663859,
"CRI","GDPHRWKD","TOT","IDX2010","A","2017",121.589544,
"CRI","GDPHRWKD","TOT","IDX2010","A","2018",123.860614,
"BGR","GDPHRWKD","TOT","IDX2010","A","2001",74.915008,
"BGR","GDPHRWKD","TOT","IDX2010","A","2002",79.221676,
"BGR","GDPHRWKD","TOT","IDX2010","A","2003",81.440829,
"BGR","GDPHRWKD","TOT","IDX2010","A","2004",83.319247,
"BGR","GDPHRWKD","TOT","IDX2010","A","2005",87.19716,
"BGR","GDPHRWKD","TOT","IDX2010","A","2006",90.365358,
"BGR","GDPHRWKD","TOT","IDX2010","A","2007",93.303475,
"BGR","GDPHRWKD","TOT","IDX2010","A","2008",94.469428,
"BGR","GDPHRWKD","TOT","IDX2010","A","2009",95.493609,
"BGR","GDPHRWKD","TOT","IDX2010","A","2010",100,
"BGR","GDPHRWKD","TOT","IDX2010","A","2011",104.734265,
"BGR","GDPHRWKD","TOT","IDX2010","A","2012",107.752347,
"BGR","GDPHRWKD","TOT","IDX2010","A","2013",108.528719,
"BGR","GDPHRWKD","TOT","IDX2010","A","2014",110.241121,
"BGR","GDPHRWKD","TOT","IDX2010","A","2015",114.216046,
"BGR","GDPHRWKD","TOT","IDX2010","A","2016",118.042777,
"BGR","GDPHRWKD","TOT","IDX2010","A","2017",120.054406,
"BGR","GDPHRWKD","TOT","IDX2010","A","2018",123.788542,
"HRV","GDPHRWKD","TOT","IDX2010","A","2001",89.184919,
"HRV","GDPHRWKD","TOT","IDX2010","A","2002",92.926725,
"HRV","GDPHRWKD","TOT","IDX2010","A","2003",95.733659,
"HRV","GDPHRWKD","TOT","IDX2010","A","2004",98.78919,
"HRV","GDPHRWKD","TOT","IDX2010","A","2005",102.008698,
"HRV","GDPHRWKD","TOT","IDX2010","A","2006",103.716278,
"HRV","GDPHRWKD","TOT","IDX2010","A","2007",105.721053,
"HRV","GDPHRWKD","TOT","IDX2010","A","2008",105.248015,
"HRV","GDPHRWKD","TOT","IDX2010","A","2009",98.407184,
"HRV","GDPHRWKD","TOT","IDX2010","A","2010",100,
"HRV","GDPHRWKD","TOT","IDX2010","A","2011",103.828157,
"HRV","GDPHRWKD","TOT","IDX2010","A","2012",106.234631,
"HRV","GDPHRWKD","TOT","IDX2010","A","2013",109.29746,
"HRV","GDPHRWKD","TOT","IDX2010","A","2014",107.346282,
"HRV","GDPHRWKD","TOT","IDX2010","A","2015",112.411999,
"HRV","GDPHRWKD","TOT","IDX2010","A","2016",115.533009,
"HRV","GDPHRWKD","TOT","IDX2010","A","2017",117.305785,
"HRV","GDPHRWKD","TOT","IDX2010","A","2018",119.141051,
"PER","GDPHRWKD","TOT","IDX2010","A","2007",86.377223,
"PER","GDPHRWKD","TOT","IDX2010","A","2008",93.104764,
"PER","GDPHRWKD","TOT","IDX2010","A","2009",93.185843,
"PER","GDPHRWKD","TOT","IDX2010","A","2010",100,
"PER","GDPHRWKD","TOT","IDX2010","A","2011",104.820822,
"PER","GDPHRWKD","TOT","IDX2010","A","2012",110.050144,
"PER","GDPHRWKD","TOT","IDX2010","A","2013",116.238016,
"PER","GDPHRWKD","TOT","IDX2010","A","2014",118.619541,
"ROU","GDPHRWKD","TOT","IDX2010","A","2001",56.587792,
"ROU","GDPHRWKD","TOT","IDX2010","A","2002",66.059702,
"ROU","GDPHRWKD","TOT","IDX2010","A","2003",68.746886,
"ROU","GDPHRWKD","TOT","IDX2010","A","2004",76.826256,
"ROU","GDPHRWKD","TOT","IDX2010","A","2005",81.348941,
"ROU","GDPHRWKD","TOT","IDX2010","A","2006",86.517681,
"ROU","GDPHRWKD","TOT","IDX2010","A","2007",92.002121,
"ROU","GDPHRWKD","TOT","IDX2010","A","2008",102.978523,
"ROU","GDPHRWKD","TOT","IDX2010","A","2009",102.085912,
"ROU","GDPHRWKD","TOT","IDX2010","A","2010",100,
"ROU","GDPHRWKD","TOT","IDX2010","A","2011",103.944,
"ROU","GDPHRWKD","TOT","IDX2010","A","2012",106.776744,"B"
"ROU","GDPHRWKD","TOT","IDX2010","A","2013",111.822362,
"ROU","GDPHRWKD","TOT","IDX2010","A","2014",115.654669,
"ROU","GDPHRWKD","TOT","IDX2010","A","2015",122.134288,
"ROU","GDPHRWKD","TOT","IDX2010","A","2016",127.785447,
"ROU","GDPHRWKD","TOT","IDX2010","A","2017",135.414897,
"ROU","GDPHRWKD","TOT","IDX2010","A","2018",140.285545,
